{"val_loss":2.1252756118774414,"_timestamp":1.7363348945077822e+09,"_runtime":55.6433831,"_step":19,"_wandb":{"runtime":57},"epoch":1900,"train_loss":2.11177134513855}