{"_wandb":{"runtime":4},"train_loss":4.479363918304443,"val_loss":4.477596282958984,"_timestamp":1.7363343736266298e+09,"_runtime":4.5146847,"_step":0,"epoch":0}