{"epoch":100,"train_loss":3.2350754737854004,"val_loss":3.2320587635040283,"_timestamp":1.7363344485219512e+09,"_runtime":4.4673746,"_wandb":{"runtime":6},"_step":1}